FirstName,LastName,CITY,ID
Fname: 957,Lname: 1033,City: 476,ID: 713
Fname: 494,Lname: 763,City: 783,ID: 168
Fname: 35,Lname: 1374,City: 1020,ID: 383
Fname: 1150,Lname: 936,City: 1477,ID: 1441
Fname: 1369,Lname: 862,City: 854,ID: 737
Fname: 1044,Lname: 44,City: 1122,ID: 1070
Fname: 344,Lname: 1076,City: 396,ID: 1087
Fname: 20,Lname: 260,City: 1484,ID: 1271
Fname: 958,Lname: 376,City: 893,ID: 644
Fname: 805,Lname: 916,City: 578,ID: 1052
Fname: 1159,Lname: 875,City: 1411,ID: 43
Fname: 1092,Lname: 1435,City: 155,ID: 1003
Fname: 1245,Lname: 831,City: 1218,ID: 499
Fname: 239,Lname: 347,City: 744,ID: 633
Fname: 1028,Lname: 1196,City: 352,ID: 1468
Fname: 872,Lname: 839,City: 186,ID: 1227
Fname: 167,Lname: 776,City: 1239,ID: 643
Fname: 551,Lname: 1276,City: 566,ID: 389
Fname: 21,Lname: 37,City: 267,ID: 741
Fname: 1239,Lname: 1278,City: 678,ID: 977
Fname: 1234,Lname: 864,City: 829,ID: 1102
Fname: 1386,Lname: 256,City: 577,ID: 325
Fname: 881,Lname: 83,City: 954,ID: 1393
Fname: 932,Lname: 1122,City: 170,ID: 1038
Fname: 1446,Lname: 200,City: 99,ID: 188
Fname: 1168,Lname: 757,City: 723,ID: 935
Fname: 780,Lname: 638,City: 144,ID: 704
Fname: 557,Lname: 785,City: 403,ID: 969
Fname: 37,Lname: 1266,City: 470,ID: 251
Fname: 468,Lname: 100,City: 1112,ID: 1258
Fname: 1218,Lname: 488,City: 1018,ID: 627
Fname: 257,Lname: 350,City: 722,ID: 691
Fname: 782,Lname: 491,City: 417,ID: 267
Fname: 671,Lname: 1002,City: 187,ID: 1492
Fname: 312,Lname: 835,City: 558,ID: 209
Fname: 854,Lname: 490,City: 1289,ID: 50
Fname: 649,Lname: 337,City: 1435,ID: 411
Fname: 153,Lname: 781,City: 141,ID: 953
Fname: 866,Lname: 403,City: 1253,ID: 4
Fname: 401,Lname: 782,City: 627,ID: 100
Fname: 686,Lname: 736,City: 398,ID: 1233
Fname: 912,Lname: 1397,City: 709,ID: 1296
Fname: 353,Lname: 1241,City: 1166,ID: 925
Fname: 1427,Lname: 870,City: 156,ID: 600
Fname: 1051,Lname: 440,City: 602,ID: 1277
Fname: 1331,Lname: 1457,City: 1372,ID: 480
Fname: 1451,Lname: 77,City: 1129,ID: 78
Fname: 281,Lname: 618,City: 864,ID: 1113
Fname: 953,Lname: 792,City: 141,ID: 343
Fname: 238,Lname: 1438,City: 980,ID: 609
Fname: 417,Lname: 411,City: 389,ID: 842
Fname: 1006,Lname: 1442,City: 428,ID: 803
Fname: 775,Lname: 430,City: 483,ID: 320
Fname: 682,Lname: 530,City: 1467,ID: 982
Fname: 1213,Lname: 691,City: 768,ID: 977
Fname: 797,Lname: 578,City: 1495,ID: 606
Fname: 345,Lname: 549,City: 283,ID: 795
Fname: 1100,Lname: 403,City: 1101,ID: 1044
Fname: 1134,Lname: 320,City: 79,ID: 93
Fname: 1370,Lname: 1473,City: 735,ID: 743
Fname: 677,Lname: 1190,City: 480,ID: 115
Fname: 1327,Lname: 1064,City: 436,ID: 1380
Fname: 1287,Lname: 1314,City: 1113,ID: 1003
Fname: 1006,Lname: 1074,City: 1173,ID: 973
Fname: 396,Lname: 37,City: 1432,ID: 173
Fname: 186,Lname: 330,City: 925,ID: 961
Fname: 1411,Lname: 706,City: 624,ID: 300
Fname: 295,Lname: 11,City: 916,ID: 1306
Fname: 1258,Lname: 399,City: 700,ID: 942
Fname: 542,Lname: 1142,City: 866,ID: 556
Fname: 272,Lname: 11,City: 1271,ID: 416
Fname: 739,Lname: 1346,City: 220,ID: 948
Fname: 1077,Lname: 1250,City: 1438,ID: 892
Fname: 320,Lname: 739,City: 111,ID: 765
Fname: 617,Lname: 365,City: 1245,ID: 371
Fname: 460,Lname: 1444,City: 693,ID: 1043
Fname: 141,Lname: 350,City: 1336,ID: 944
Fname: 1203,Lname: 246,City: 543,ID: 838
Fname: 422,Lname: 716,City: 619,ID: 925
Fname: 592,Lname: 193,City: 89,ID: 1345
Fname: 331,Lname: 1204,City: 1130,ID: 688
Fname: 6,Lname: 591,City: 1475,ID: 161
Fname: 1496,Lname: 1064,City: 621,ID: 1062
Fname: 1065,Lname: 869,City: 245,ID: 1100
Fname: 208,Lname: 812,City: 1460,ID: 1033
Fname: 543,Lname: 296,City: 867,ID: 1187
Fname: 883,Lname: 165,City: 290,ID: 1216
Fname: 483,Lname: 446,City: 196,ID: 660
Fname: 94,Lname: 1439,City: 576,ID: 294
Fname: 286,Lname: 127,City: 937,ID: 1031
Fname: 1071,Lname: 329,City: 410,ID: 764
Fname: 497,Lname: 1114,City: 386,ID: 594
Fname: 520,Lname: 1166,City: 1498,ID: 1466
Fname: 469,Lname: 790,City: 250,ID: 549
Fname: 402,Lname: 1413,City: 508,ID: 1062
Fname: 560,Lname: 922,City: 1474,ID: 1063
Fname: 196,Lname: 232,City: 72,ID: 805
Fname: 571,Lname: 1082,City: 316,ID: 451
Fname: 1229,Lname: 1332,City: 1475,ID: 1310
Fname: 409,Lname: 826,City: 654,ID: 1374
Fname: 1090,Lname: 215,City: 204,ID: 341
Fname: 373,Lname: 956,City: 376,ID: 630
Fname: 860,Lname: 625,City: 127,ID: 243
Fname: 318,Lname: 595,City: 557,ID: 1411
Fname: 1370,Lname: 469,City: 166,ID: 590
Fname: 876,Lname: 494,City: 1039,ID: 129
Fname: 301,Lname: 57,City: 1487,ID: 783
Fname: 1098,Lname: 1269,City: 1309,ID: 457
Fname: 653,Lname: 560,City: 1380,ID: 700
Fname: 971,Lname: 888,City: 274,ID: 735
Fname: 844,Lname: 1433,City: 1156,ID: 1163
Fname: 927,Lname: 602,City: 1272,ID: 107
Fname: 382,Lname: 891,City: 940,ID: 376
Fname: 935,Lname: 382,City: 286,ID: 670
Fname: 1475,Lname: 830,City: 1498,ID: 1003
Fname: 481,Lname: 1085,City: 620,ID: 488
Fname: 446,Lname: 144,City: 150,ID: 301
Fname: 1282,Lname: 975,City: 1243,ID: 1070
Fname: 584,Lname: 92,City: 243,ID: 1226
Fname: 1370,Lname: 441,City: 1026,ID: 420
Fname: 129,Lname: 705,City: 781,ID: 1218
Fname: 363,Lname: 266,City: 211,ID: 700
Fname: 813,Lname: 1446,City: 1333,ID: 1253
Fname: 1037,Lname: 310,City: 1050,ID: 921
Fname: 752,Lname: 927,City: 6,ID: 1127
Fname: 24,Lname: 387,City: 1391,ID: 1389
Fname: 691,Lname: 819,City: 79,ID: 1143
Fname: 61,Lname: 1236,City: 970,ID: 947
Fname: 546,Lname: 1402,City: 1001,ID: 676
Fname: 728,Lname: 146,City: 468,ID: 1168
Fname: 290,Lname: 1188,City: 16,ID: 1130
Fname: 905,Lname: 413,City: 938,ID: 1374
Fname: 319,Lname: 1313,City: 882,ID: 279
Fname: 1037,Lname: 743,City: 1413,ID: 960
Fname: 1144,Lname: 508,City: 589,ID: 755
Fname: 466,Lname: 523,City: 758,ID: 567
Fname: 749,Lname: 380,City: 1344,ID: 753
Fname: 1089,Lname: 666,City: 382,ID: 1434
Fname: 1228,Lname: 745,City: 650,ID: 338
Fname: 701,Lname: 1061,City: 51,ID: 1082
Fname: 346,Lname: 68,City: 233,ID: 693
Fname: 362,Lname: 1288,City: 446,ID: 1476
Fname: 1035,Lname: 989,City: 555,ID: 882
Fname: 995,Lname: 908,City: 151,ID: 514
Fname: 1276,Lname: 954,City: 872,ID: 26
Fname: 1472,Lname: 528,City: 129,ID: 624
Fname: 788,Lname: 303,City: 579,ID: 370
Fname: 21,Lname: 544,City: 1092,ID: 676
Fname: 701,Lname: 1179,City: 1464,ID: 1435
Fname: 201,Lname: 496,City: 983,ID: 664
Fname: 1328,Lname: 24,City: 903,ID: 1128
Fname: 656,Lname: 1277,City: 781,ID: 828
Fname: 632,Lname: 816,City: 798,ID: 1459
Fname: 194,Lname: 1032,City: 735,ID: 962
Fname: 1445,Lname: 540,City: 1036,ID: 101
Fname: 341,Lname: 1369,City: 797,ID: 450
Fname: 1275,Lname: 336,City: 466,ID: 1361
Fname: 730,Lname: 516,City: 1432,ID: 132
Fname: 1128,Lname: 683,City: 666,ID: 608
Fname: 1072,Lname: 233,City: 487,ID: 785
Fname: 1273,Lname: 1011,City: 45,ID: 645
Fname: 1219,Lname: 1337,City: 1059,ID: 892
Fname: 569,Lname: 818,City: 1164,ID: 908
Fname: 488,Lname: 1468,City: 94,ID: 747
Fname: 254,Lname: 374,City: 440,ID: 1490
Fname: 376,Lname: 253,City: 383,ID: 148
Fname: 208,Lname: 101,City: 655,ID: 46
Fname: 1090,Lname: 1136,City: 1205,ID: 37
Fname: 1409,Lname: 1220,City: 261,ID: 597
Fname: 925,Lname: 80,City: 1357,ID: 817
Fname: 228,Lname: 863,City: 57,ID: 598
Fname: 407,Lname: 738,City: 154,ID: 493
Fname: 332,Lname: 986,City: 599,ID: 1253
Fname: 604,Lname: 86,City: 343,ID: 1306
Fname: 1020,Lname: 57,City: 675,ID: 1339
Fname: 447,Lname: 592,City: 595,ID: 171
Fname: 624,Lname: 730,City: 1490,ID: 520
Fname: 404,Lname: 62,City: 1450,ID: 469
Fname: 232,Lname: 1341,City: 396,ID: 1149
Fname: 886,Lname: 1174,City: 845,ID: 717
Fname: 930,Lname: 318,City: 64,ID: 1407
Fname: 1265,Lname: 773,City: 1245,ID: 835
Fname: 1168,Lname: 1198,City: 360,ID: 676
Fname: 1234,Lname: 567,City: 1122,ID: 1061
Fname: 794,Lname: 701,City: 415,ID: 226
Fname: 12,Lname: 773,City: 758,ID: 70
Fname: 865,Lname: 67,City: 392,ID: 277
Fname: 712,Lname: 598,City: 798,ID: 1025
Fname: 1409,Lname: 607,City: 1468,ID: 1340
Fname: 330,Lname: 887,City: 1196,ID: 1205
Fname: 1264,Lname: 186,City: 449,ID: 229
Fname: 1166,Lname: 1328,City: 1363,ID: 1453
Fname: 385,Lname: 1427,City: 1157,ID: 829
Fname: 1122,Lname: 74,City: 99,ID: 25
Fname: 645,Lname: 566,City: 1026,ID: 1448
Fname: 857,Lname: 730,City: 958,ID: 100
Fname: 678,Lname: 1316,City: 987,ID: 1072
Fname: 173,Lname: 1188,City: 537,ID: 18
Fname: 669,Lname: 418,City: 442,ID: 737
Fname: 445,Lname: 294,City: 977,ID: 152
Fname: 279,Lname: 390,City: 815,ID: 611
Fname: 966,Lname: 538,City: 28,ID: 1208
Fname: 232,Lname: 10,City: 1017,ID: 664
Fname: 1151,Lname: 238,City: 1324,ID: 994
Fname: 1497,Lname: 583,City: 351,ID: 1368
Fname: 1290,Lname: 513,City: 942,ID: 432
Fname: 150,Lname: 822,City: 1326,ID: 1054
Fname: 1434,Lname: 646,City: 1339,ID: 86
Fname: 447,Lname: 1255,City: 87,ID: 522
Fname: 864,Lname: 531,City: 541,ID: 1156
Fname: 1364,Lname: 564,City: 354,ID: 190
Fname: 920,Lname: 839,City: 810,ID: 734
Fname: 779,Lname: 648,City: 506,ID: 1200
Fname: 437,Lname: 231,City: 339,ID: 1354
Fname: 1461,Lname: 1461,City: 319,ID: 201
Fname: 156,Lname: 485,City: 73,ID: 10
Fname: 20,Lname: 1093,City: 349,ID: 1449
Fname: 709,Lname: 1495,City: 969,ID: 1188
Fname: 1428,Lname: 750,City: 1149,ID: 38
Fname: 256,Lname: 455,City: 0,ID: 393
Fname: 268,Lname: 725,City: 739,ID: 726
Fname: 983,Lname: 1006,City: 480,ID: 108
Fname: 1147,Lname: 109,City: 82,ID: 1207
Fname: 705,Lname: 499,City: 1200,ID: 312
Fname: 1089,Lname: 33,City: 1174,ID: 550
Fname: 1220,Lname: 927,City: 1420,ID: 56
Fname: 493,Lname: 1100,City: 388,ID: 768
Fname: 1049,Lname: 1176,City: 1078,ID: 184
Fname: 551,Lname: 486,City: 1369,ID: 1252
Fname: 817,Lname: 1224,City: 920,ID: 370
Fname: 551,Lname: 1044,City: 950,ID: 762
Fname: 392,Lname: 316,City: 1077,ID: 1445
Fname: 626,Lname: 1175,City: 1489,ID: 716
Fname: 405,Lname: 334,City: 865,ID: 1113
Fname: 467,Lname: 275,City: 718,ID: 1455
Fname: 515,Lname: 297,City: 894,ID: 1130
Fname: 1421,Lname: 501,City: 552,ID: 565
Fname: 729,Lname: 1292,City: 951,ID: 720
Fname: 221,Lname: 618,City: 964,ID: 944
Fname: 1289,Lname: 317,City: 1348,ID: 337
Fname: 740,Lname: 257,City: 738,ID: 1035
Fname: 231,Lname: 164,City: 1116,ID: 1263
Fname: 1475,Lname: 425,City: 711,ID: 1119
Fname: 887,Lname: 146,City: 487,ID: 422
Fname: 469,Lname: 1295,City: 1494,ID: 336
Fname: 1153,Lname: 1084,City: 0,ID: 39
Fname: 1321,Lname: 1007,City: 447,ID: 763
Fname: 779,Lname: 624,City: 1257,ID: 864
Fname: 465,Lname: 967,City: 167,ID: 735
Fname: 1041,Lname: 625,City: 1116,ID: 217
Fname: 414,Lname: 1353,City: 53,ID: 430
Fname: 140,Lname: 1069,City: 1074,ID: 163
Fname: 191,Lname: 1170,City: 1132,ID: 1036
Fname: 862,Lname: 320,City: 1401,ID: 1133
Fname: 347,Lname: 1323,City: 56,ID: 813
Fname: 1155,Lname: 1149,City: 602,ID: 342
Fname: 1109,Lname: 502,City: 1043,ID: 308
Fname: 1370,Lname: 879,City: 716,ID: 383
Fname: 236,Lname: 887,City: 1007,ID: 197
Fname: 179,Lname: 1243,City: 313,ID: 119
Fname: 252,Lname: 376,City: 618,ID: 598
Fname: 896,Lname: 638,City: 1436,ID: 1354
Fname: 1349,Lname: 570,City: 570,ID: 1175
Fname: 1444,Lname: 1215,City: 985,ID: 189
Fname: 795,Lname: 467,City: 715,ID: 1320
Fname: 831,Lname: 1215,City: 801,ID: 264
Fname: 423,Lname: 654,City: 447,ID: 1471
Fname: 1249,Lname: 867,City: 392,ID: 1091
Fname: 284,Lname: 88,City: 1095,ID: 1031
Fname: 1475,Lname: 1442,City: 572,ID: 475
Fname: 195,Lname: 849,City: 746,ID: 293
Fname: 1444,Lname: 56,City: 300,ID: 294
Fname: 1250,Lname: 779,City: 1115,ID: 1198
Fname: 401,Lname: 337,City: 27,ID: 284
Fname: 1375,Lname: 439,City: 69,ID: 149
Fname: 897,Lname: 956,City: 1427,ID: 585
Fname: 216,Lname: 171,City: 546,ID: 836
Fname: 1181,Lname: 216,City: 957,ID: 615
Fname: 4,Lname: 1149,City: 1329,ID: 1149
Fname: 918,Lname: 908,City: 262,ID: 1201
Fname: 465,Lname: 776,City: 1381,ID: 615
Fname: 1461,Lname: 537,City: 572,ID: 70
Fname: 1177,Lname: 393,City: 699,ID: 129
Fname: 512,Lname: 1229,City: 888,ID: 465
Fname: 336,Lname: 1069,City: 199,ID: 468
Fname: 441,Lname: 1167,City: 476,ID: 431
Fname: 685,Lname: 872,City: 674,ID: 103
Fname: 833,Lname: 127,City: 105,ID: 1480
Fname: 1452,Lname: 590,City: 1031,ID: 1480
Fname: 653,Lname: 990,City: 125,ID: 91
Fname: 286,Lname: 537,City: 1384,ID: 1412
Fname: 646,Lname: 610,City: 1236,ID: 380
Fname: 317,Lname: 1440,City: 185,ID: 1193
Fname: 1026,Lname: 1039,City: 416,ID: 921
Fname: 653,Lname: 15,City: 419,ID: 477
Fname: 128,Lname: 1016,City: 156,ID: 28
Fname: 1054,Lname: 451,City: 197,ID: 677
Fname: 210,Lname: 1419,City: 611,ID: 1251
Fname: 1031,Lname: 141,City: 1393,ID: 1215
Fname: 77,Lname: 1049,City: 1174,ID: 579
Fname: 434,Lname: 270,City: 176,ID: 1032
Fname: 414,Lname: 639,City: 783,ID: 1485
Fname: 757,Lname: 347,City: 250,ID: 1397
Fname: 457,Lname: 261,City: 646,ID: 124
Fname: 1421,Lname: 860,City: 213,ID: 322
Fname: 680,Lname: 1404,City: 287,ID: 1390
Fname: 775,Lname: 569,City: 1340,ID: 329
Fname: 669,Lname: 1345,City: 944,ID: 214
Fname: 1008,Lname: 1326,City: 610,ID: 611
Fname: 285,Lname: 980,City: 1121,ID: 643
Fname: 1360,Lname: 483,City: 747,ID: 1117
Fname: 454,Lname: 90,City: 473,ID: 350
Fname: 165,Lname: 485,City: 385,ID: 1171
Fname: 618,Lname: 1209,City: 131,ID: 264
Fname: 795,Lname: 763,City: 1434,ID: 552
Fname: 1252,Lname: 1193,City: 1250,ID: 1209
Fname: 1114,Lname: 1421,City: 899,ID: 542
Fname: 906,Lname: 292,City: 812,ID: 908
Fname: 988,Lname: 718,City: 524,ID: 1024
Fname: 992,Lname: 510,City: 1010,ID: 1261
Fname: 628,Lname: 588,City: 252,ID: 1031
Fname: 935,Lname: 733,City: 183,ID: 175
Fname: 1292,Lname: 1469,City: 62,ID: 1016
Fname: 492,Lname: 327,City: 79,ID: 739
Fname: 1403,Lname: 494,City: 1160,ID: 929
Fname: 325,Lname: 1430,City: 797,ID: 903
Fname: 815,Lname: 749,City: 928,ID: 1299
Fname: 97,Lname: 937,City: 1035,ID: 387
Fname: 877,Lname: 633,City: 771,ID: 989
Fname: 868,Lname: 398,City: 506,ID: 674
Fname: 1291,Lname: 514,City: 823,ID: 295
Fname: 1431,Lname: 244,City: 1128,ID: 433
Fname: 1201,Lname: 807,City: 1061,ID: 359
Fname: 809,Lname: 1423,City: 46,ID: 1330
Fname: 366,Lname: 1179,City: 1387,ID: 527
Fname: 548,Lname: 245,City: 1043,ID: 1057
Fname: 1314,Lname: 765,City: 35,ID: 1188
Fname: 1040,Lname: 314,City: 1383,ID: 1232
Fname: 163,Lname: 1354,City: 927,ID: 815
Fname: 401,Lname: 109,City: 1048,ID: 769
Fname: 1396,Lname: 1287,City: 1195,ID: 1116
Fname: 719,Lname: 933,City: 1037,ID: 1030
Fname: 66,Lname: 24,City: 285,ID: 398
Fname: 1238,Lname: 1086,City: 306,ID: 501
Fname: 297,Lname: 1145,City: 84,ID: 1221
Fname: 80,Lname: 627,City: 305,ID: 216
Fname: 73,Lname: 160,City: 1244,ID: 397
Fname: 22,Lname: 64,City: 51,ID: 1413
Fname: 236,Lname: 88,City: 1495,ID: 1277
Fname: 533,Lname: 61,City: 159,ID: 308
Fname: 1125,Lname: 952,City: 625,ID: 1060
Fname: 494,Lname: 891,City: 1397,ID: 860
Fname: 1471,Lname: 1174,City: 1104,ID: 393
Fname: 24,Lname: 678,City: 812,ID: 815
Fname: 537,Lname: 993,City: 1138,ID: 279
Fname: 1408,Lname: 1115,City: 173,ID: 133
Fname: 262,Lname: 676,City: 821,ID: 217
Fname: 1410,Lname: 1105,City: 967,ID: 1103
Fname: 984,Lname: 1431,City: 180,ID: 491
Fname: 482,Lname: 602,City: 834,ID: 185
Fname: 73,Lname: 323,City: 672,ID: 1276
Fname: 1494,Lname: 606,City: 92,ID: 402
Fname: 1431,Lname: 37,City: 1201,ID: 232
Fname: 1448,Lname: 135,City: 1142,ID: 630
Fname: 888,Lname: 736,City: 63,ID: 286
Fname: 496,Lname: 162,City: 1387,ID: 957
Fname: 23,Lname: 927,City: 322,ID: 1248
Fname: 701,Lname: 434,City: 1327,ID: 1211
Fname: 644,Lname: 1092,City: 1328,ID: 444
Fname: 1496,Lname: 536,City: 1189,ID: 9
Fname: 356,Lname: 355,City: 232,ID: 60
Fname: 1352,Lname: 834,City: 369,ID: 1019
Fname: 1480,Lname: 1403,City: 173,ID: 777
Fname: 1189,Lname: 386,City: 360,ID: 420
Fname: 692,Lname: 367,City: 1387,ID: 1001
Fname: 403,Lname: 490,City: 1004,ID: 1448
Fname: 195,Lname: 705,City: 759,ID: 572
Fname: 546,Lname: 1463,City: 679,ID: 1494
Fname: 702,Lname: 184,City: 1324,ID: 556
Fname: 126,Lname: 783,City: 916,ID: 943
Fname: 1043,Lname: 629,City: 1171,ID: 844
Fname: 1192,Lname: 732,City: 367,ID: 397
Fname: 1342,Lname: 1111,City: 954,ID: 1017
Fname: 938,Lname: 759,City: 1029,ID: 1302
Fname: 931,Lname: 211,City: 1335,ID: 424
Fname: 1415,Lname: 171,City: 685,ID: 800
Fname: 911,Lname: 1124,City: 2,ID: 751
Fname: 625,Lname: 398,City: 1194,ID: 1455
Fname: 1303,Lname: 1402,City: 931,ID: 735
Fname: 863,Lname: 151,City: 607,ID: 611
Fname: 529,Lname: 979,City: 1404,ID: 573
Fname: 501,Lname: 99,City: 165,ID: 671
Fname: 1439,Lname: 968,City: 1240,ID: 1073
Fname: 45,Lname: 1297,City: 295,ID: 1062
Fname: 1355,Lname: 1451,City: 594,ID: 156
Fname: 575,Lname: 544,City: 679,ID: 920
Fname: 1405,Lname: 953,City: 1326,ID: 927
Fname: 1218,Lname: 283,City: 179,ID: 1172
Fname: 711,Lname: 1061,City: 140,ID: 655
Fname: 1039,Lname: 180,City: 359,ID: 244
Fname: 1367,Lname: 1481,City: 1219,ID: 963
Fname: 531,Lname: 615,City: 59,ID: 25
Fname: 556,Lname: 1223,City: 997,ID: 769
Fname: 644,Lname: 1332,City: 84,ID: 1391
Fname: 932,Lname: 227,City: 900,ID: 1081
Fname: 38,Lname: 718,City: 1123,ID: 1369
Fname: 1390,Lname: 1444,City: 651,ID: 188
Fname: 897,Lname: 1102,City: 747,ID: 1097
Fname: 1328,Lname: 409,City: 492,ID: 319
Fname: 21,Lname: 743,City: 387,ID: 925
Fname: 495,Lname: 114,City: 184,ID: 503
Fname: 179,Lname: 1052,City: 298,ID: 268
Fname: 437,Lname: 523,City: 926,ID: 581
Fname: 874,Lname: 141,City: 1388,ID: 803
Fname: 200,Lname: 691,City: 1469,ID: 594
Fname: 96,Lname: 1162,City: 466,ID: 741
Fname: 409,Lname: 1456,City: 193,ID: 1407
Fname: 234,Lname: 153,City: 1234,ID: 254
Fname: 724,Lname: 1421,City: 417,ID: 866
Fname: 1087,Lname: 1460,City: 181,ID: 956
Fname: 1120,Lname: 843,City: 1439,ID: 943
Fname: 164,Lname: 953,City: 107,ID: 55
Fname: 354,Lname: 770,City: 945,ID: 526
Fname: 875,Lname: 864,City: 1328,ID: 616
Fname: 1292,Lname: 559,City: 77,ID: 171
Fname: 503,Lname: 969,City: 1402,ID: 90
Fname: 1124,Lname: 370,City: 97,ID: 1166
Fname: 496,Lname: 1145,City: 282,ID: 1002
Fname: 669,Lname: 1123,City: 866,ID: 1468
Fname: 502,Lname: 359,City: 467,ID: 458
Fname: 591,Lname: 657,City: 1171,ID: 525
Fname: 775,Lname: 369,City: 1457,ID: 1120
Fname: 179,Lname: 487,City: 985,ID: 735
Fname: 1223,Lname: 25,City: 1167,ID: 1095
Fname: 778,Lname: 752,City: 42,ID: 313
Fname: 797,Lname: 920,City: 1134,ID: 64
Fname: 619,Lname: 1196,City: 797,ID: 964
Fname: 1185,Lname: 721,City: 635,ID: 1347
Fname: 130,Lname: 360,City: 1382,ID: 787
Fname: 36,Lname: 868,City: 1486,ID: 1228
Fname: 1495,Lname: 437,City: 462,ID: 151
Fname: 1267,Lname: 538,City: 823,ID: 1053
Fname: 1296,Lname: 624,City: 1209,ID: 1238
Fname: 1302,Lname: 502,City: 315,ID: 1243
Fname: 945,Lname: 843,City: 562,ID: 278
Fname: 842,Lname: 192,City: 864,ID: 1473
Fname: 1384,Lname: 437,City: 712,ID: 1040
Fname: 745,Lname: 1454,City: 339,ID: 1249
Fname: 893,Lname: 1467,City: 1211,ID: 1137
Fname: 628,Lname: 1401,City: 999,ID: 222
Fname: 598,Lname: 99,City: 770,ID: 1375
Fname: 151,Lname: 1282,City: 200,ID: 154
Fname: 238,Lname: 805,City: 1101,ID: 642
Fname: 602,Lname: 741,City: 1019,ID: 1106
Fname: 214,Lname: 806,City: 1034,ID: 1180
Fname: 1144,Lname: 1348,City: 1436,ID: 129
Fname: 988,Lname: 917,City: 757,ID: 287
Fname: 1367,Lname: 1463,City: 635,ID: 1007
Fname: 1386,Lname: 443,City: 261,ID: 300
Fname: 1417,Lname: 763,City: 469,ID: 1289
Fname: 1387,Lname: 1467,City: 362,ID: 845
Fname: 58,Lname: 1108,City: 91,ID: 415
Fname: 1336,Lname: 690,City: 857,ID: 622
Fname: 1432,Lname: 344,City: 929,ID: 183
Fname: 649,Lname: 1156,City: 871,ID: 1140
Fname: 776,Lname: 1332,City: 763,ID: 1465
Fname: 1079,Lname: 346,City: 322,ID: 915
Fname: 500,Lname: 521,City: 862,ID: 1079
Fname: 730,Lname: 1099,City: 1113,ID: 1436
Fname: 979,Lname: 553,City: 438,ID: 1195
Fname: 509,Lname: 987,City: 1435,ID: 123
Fname: 859,Lname: 972,City: 1022,ID: 211
Fname: 1302,Lname: 1138,City: 292,ID: 1050
Fname: 955,Lname: 185,City: 1161,ID: 1220
Fname: 216,Lname: 799,City: 422,ID: 516
Fname: 687,Lname: 1413,City: 1242,ID: 1233
Fname: 35,Lname: 250,City: 220,ID: 1079
Fname: 361,Lname: 1132,City: 137,ID: 1259
Fname: 1157,Lname: 1481,City: 1268,ID: 676
Fname: 1258,Lname: 331,City: 238,ID: 1448
Fname: 346,Lname: 541,City: 335,ID: 1118
Fname: 329,Lname: 1150,City: 1420,ID: 722
Fname: 695,Lname: 229,City: 29,ID: 32
Fname: 1170,Lname: 1317,City: 393,ID: 691
Fname: 1172,Lname: 546,City: 1463,ID: 1011
Fname: 312,Lname: 650,City: 1070,ID: 699
Fname: 309,Lname: 1168,City: 625,ID: 940
Fname: 259,Lname: 728,City: 711,ID: 1377
Fname: 205,Lname: 1412,City: 928,ID: 1439
Fname: 820,Lname: 875,City: 233,ID: 411
Fname: 1017,Lname: 1068,City: 1139,ID: 1057
Fname: 714,Lname: 1460,City: 279,ID: 649
Fname: 1095,Lname: 863,City: 828,ID: 503
Fname: 47,Lname: 1393,City: 1357,ID: 998
Fname: 1035,Lname: 371,City: 171,ID: 775
Fname: 754,Lname: 815,City: 1303,ID: 705
Fname: 1430,Lname: 719,City: 481,ID: 455
Fname: 1253,Lname: 1469,City: 354,ID: 859
Fname: 485,Lname: 510,City: 1484,ID: 737
Fname: 713,Lname: 825,City: 891,ID: 48
Fname: 839,Lname: 750,City: 1043,ID: 1192
Fname: 1122,Lname: 1436,City: 131,ID: 460
Fname: 330,Lname: 588,City: 742,ID: 574
Fname: 587,Lname: 101,City: 712,ID: 1060
Fname: 7,Lname: 115,City: 1260,ID: 647
Fname: 854,Lname: 363,City: 77,ID: 901
Fname: 954,Lname: 588,City: 1485,ID: 208
Fname: 976,Lname: 207,City: 1022,ID: 435
Fname: 1191,Lname: 734,City: 752,ID: 1229
Fname: 1386,Lname: 1233,City: 1370,ID: 176
Fname: 1133,Lname: 533,City: 531,ID: 1480
Fname: 742,Lname: 465,City: 1258,ID: 540
Fname: 985,Lname: 537,City: 1154,ID: 375
Fname: 1268,Lname: 1010,City: 934,ID: 102
Fname: 975,Lname: 1047,City: 1085,ID: 131
Fname: 1093,Lname: 19,City: 1109,ID: 1272
Fname: 953,Lname: 393,City: 1200,ID: 1238
Fname: 1402,Lname: 1318,City: 1301,ID: 466
Fname: 959,Lname: 496,City: 1173,ID: 316
Fname: 1179,Lname: 84,City: 413,ID: 932
Fname: 696,Lname: 101,City: 1302,ID: 1157
Fname: 1039,Lname: 1371,City: 900,ID: 389
Fname: 872,Lname: 860,City: 1414,ID: 1192
Fname: 466,Lname: 5,City: 1367,ID: 793
Fname: 474,Lname: 893,City: 243,ID: 786
Fname: 330,Lname: 1231,City: 743,ID: 227
Fname: 356,Lname: 1382,City: 389,ID: 1081
Fname: 991,Lname: 1344,City: 1324,ID: 170
Fname: 87,Lname: 29,City: 1393,ID: 729
Fname: 1139,Lname: 168,City: 110,ID: 1308
Fname: 165,Lname: 987,City: 1452,ID: 462
Fname: 202,Lname: 880,City: 44,ID: 807
Fname: 1352,Lname: 1124,City: 1500,ID: 963
Fname: 99,Lname: 243,City: 1460,ID: 526
Fname: 1195,Lname: 1365,City: 1487,ID: 237
Fname: 275,Lname: 942,City: 1305,ID: 157
Fname: 1395,Lname: 1003,City: 1121,ID: 1156
Fname: 883,Lname: 774,City: 743,ID: 159
Fname: 709,Lname: 1226,City: 235,ID: 1390
Fname: 262,Lname: 1012,City: 9,ID: 833
Fname: 1068,Lname: 1059,City: 111,ID: 607
Fname: 942,Lname: 509,City: 1491,ID: 218
Fname: 256,Lname: 951,City: 113,ID: 1252
Fname: 86,Lname: 1015,City: 321,ID: 17
Fname: 0,Lname: 1204,City: 11,ID: 69
Fname: 116,Lname: 775,City: 520,ID: 593
Fname: 1225,Lname: 851,City: 921,ID: 384
Fname: 349,Lname: 751,City: 251,ID: 1039
Fname: 1105,Lname: 246,City: 1155,ID: 1424
Fname: 653,Lname: 885,City: 360,ID: 701
Fname: 454,Lname: 934,City: 1138,ID: 808
Fname: 888,Lname: 98,City: 342,ID: 369
Fname: 831,Lname: 924,City: 719,ID: 785
Fname: 779,Lname: 662,City: 239,ID: 740
Fname: 622,Lname: 478,City: 1469,ID: 280
Fname: 962,Lname: 1249,City: 433,ID: 1252
Fname: 206,Lname: 416,City: 9,ID: 1233
Fname: 16,Lname: 126,City: 19,ID: 1482
Fname: 1499,Lname: 1306,City: 90,ID: 595
Fname: 100,Lname: 598,City: 205,ID: 757
Fname: 1360,Lname: 760,City: 72,ID: 1222
Fname: 178,Lname: 290,City: 210,ID: 939
Fname: 804,Lname: 1029,City: 1292,ID: 730
Fname: 455,Lname: 1075,City: 393,ID: 761
Fname: 622,Lname: 728,City: 546,ID: 561
Fname: 61,Lname: 948,City: 8,ID: 1168
Fname: 976,Lname: 976,City: 1055,ID: 1265
Fname: 367,Lname: 1135,City: 1058,ID: 865
Fname: 446,Lname: 1112,City: 1187,ID: 964
Fname: 1115,Lname: 826,City: 1206,ID: 1062
Fname: 350,Lname: 641,City: 1344,ID: 1269
Fname: 808,Lname: 711,City: 1365,ID: 438
Fname: 446,Lname: 559,City: 55,ID: 685
Fname: 849,Lname: 1315,City: 249,ID: 133
Fname: 41,Lname: 441,City: 776,ID: 1116
Fname: 503,Lname: 1295,City: 434,ID: 204
Fname: 509,Lname: 342,City: 1341,ID: 765
Fname: 465,Lname: 191,City: 865,ID: 43
Fname: 732,Lname: 165,City: 903,ID: 1103
Fname: 1192,Lname: 1050,City: 559,ID: 617
Fname: 684,Lname: 53,City: 391,ID: 517
Fname: 1037,Lname: 1310,City: 78,ID: 50
Fname: 1227,Lname: 22,City: 78,ID: 591
Fname: 452,Lname: 69,City: 663,ID: 1192
Fname: 864,Lname: 920,City: 18,ID: 149
Fname: 982,Lname: 466,City: 90,ID: 436
Fname: 1112,Lname: 741,City: 1302,ID: 1128
Fname: 1223,Lname: 166,City: 189,ID: 1114
Fname: 1417,Lname: 482,City: 37,ID: 671
Fname: 945,Lname: 378,City: 537,ID: 343
Fname: 737,Lname: 1022,City: 245,ID: 144
Fname: 601,Lname: 306,City: 1475,ID: 1393
Fname: 679,Lname: 805,City: 1226,ID: 37
Fname: 153,Lname: 70,City: 243,ID: 718
Fname: 555,Lname: 968,City: 1287,ID: 825
Fname: 1055,Lname: 333,City: 166,ID: 1439
Fname: 1209,Lname: 901,City: 1352,ID: 1397
Fname: 794,Lname: 338,City: 605,ID: 129
Fname: 1085,Lname: 420,City: 1473,ID: 343
Fname: 978,Lname: 1024,City: 1234,ID: 1483
Fname: 1317,Lname: 137,City: 569,ID: 1041
Fname: 10,Lname: 1476,City: 277,ID: 1230
Fname: 905,Lname: 113,City: 1453,ID: 28
Fname: 1335,Lname: 1354,City: 1089,ID: 337
Fname: 961,Lname: 973,City: 1468,ID: 199
Fname: 969,Lname: 596,City: 481,ID: 1088
Fname: 902,Lname: 640,City: 731,ID: 593
Fname: 394,Lname: 1172,City: 292,ID: 495
Fname: 857,Lname: 933,City: 45,ID: 1169
Fname: 890,Lname: 1107,City: 216,ID: 360
Fname: 964,Lname: 951,City: 414,ID: 724
Fname: 1047,Lname: 783,City: 1252,ID: 928
Fname: 273,Lname: 269,City: 1005,ID: 564
Fname: 956,Lname: 357,City: 710,ID: 1061
Fname: 1322,Lname: 1007,City: 1431,ID: 105
Fname: 865,Lname: 106,City: 1263,ID: 857
Fname: 64,Lname: 272,City: 1159,ID: 1239
Fname: 1015,Lname: 252,City: 1166,ID: 481
Fname: 1301,Lname: 1104,City: 396,ID: 598
Fname: 930,Lname: 810,City: 660,ID: 782
Fname: 241,Lname: 1274,City: 1002,ID: 998
Fname: 27,Lname: 522,City: 1080,ID: 729
Fname: 819,Lname: 808,City: 857,ID: 577
Fname: 1178,Lname: 6,City: 413,ID: 618
Fname: 202,Lname: 1074,City: 235,ID: 788
Fname: 1090,Lname: 36,City: 330,ID: 1312
Fname: 1131,Lname: 60,City: 665,ID: 1347
Fname: 29,Lname: 315,City: 744,ID: 719
Fname: 1153,Lname: 178,City: 1373,ID: 191
Fname: 935,Lname: 658,City: 31,ID: 1183
Fname: 1066,Lname: 1182,City: 1294,ID: 643
Fname: 249,Lname: 88,City: 632,ID: 689
Fname: 297,Lname: 923,City: 1176,ID: 4
Fname: 757,Lname: 645,City: 218,ID: 24
Fname: 397,Lname: 90,City: 894,ID: 1155
Fname: 416,Lname: 874,City: 669,ID: 816
Fname: 388,Lname: 638,City: 1303,ID: 119
Fname: 469,Lname: 1424,City: 1104,ID: 240
Fname: 1416,Lname: 744,City: 1068,ID: 83
Fname: 64,Lname: 766,City: 456,ID: 633
Fname: 507,Lname: 1361,City: 37,ID: 1211
Fname: 15,Lname: 259,City: 458,ID: 410
Fname: 533,Lname: 462,City: 475,ID: 1149
Fname: 1375,Lname: 759,City: 885,ID: 736
Fname: 989,Lname: 1015,City: 517,ID: 1239
Fname: 875,Lname: 473,City: 1294,ID: 562
Fname: 1062,Lname: 667,City: 394,ID: 845
Fname: 977,Lname: 1203,City: 448,ID: 681
Fname: 283,Lname: 1397,City: 1490,ID: 792
Fname: 1075,Lname: 1321,City: 743,ID: 209
Fname: 1484,Lname: 1262,City: 1283,ID: 1468
Fname: 582,Lname: 244,City: 1410,ID: 848
Fname: 1301,Lname: 704,City: 428,ID: 202
Fname: 1174,Lname: 483,City: 165,ID: 718
Fname: 716,Lname: 222,City: 1398,ID: 685
Fname: 1324,Lname: 1357,City: 255,ID: 912
Fname: 370,Lname: 891,City: 1410,ID: 719
Fname: 699,Lname: 1145,City: 517,ID: 476
Fname: 985,Lname: 937,City: 321,ID: 350
Fname: 48,Lname: 43,City: 849,ID: 341
Fname: 180,Lname: 1409,City: 335,ID: 757
Fname: 591,Lname: 1453,City: 70,ID: 1210
Fname: 594,Lname: 175,City: 746,ID: 1253
Fname: 116,Lname: 1488,City: 447,ID: 7
Fname: 1048,Lname: 1444,City: 1269,ID: 1416
Fname: 1278,Lname: 678,City: 1454,ID: 516
Fname: 1191,Lname: 1297,City: 644,ID: 1417
Fname: 377,Lname: 281,City: 617,ID: 1330
Fname: 1097,Lname: 53,City: 459,ID: 98
Fname: 550,Lname: 165,City: 1130,ID: 975
Fname: 731,Lname: 1154,City: 392,ID: 1410
Fname: 892,Lname: 1113,City: 398,ID: 856
Fname: 363,Lname: 215,City: 1229,ID: 59
Fname: 951,Lname: 341,City: 261,ID: 272
Fname: 83,Lname: 592,City: 1119,ID: 625
Fname: 1420,Lname: 1465,City: 94,ID: 1290
Fname: 1373,Lname: 1000,City: 1286,ID: 1052
Fname: 381,Lname: 770,City: 343,ID: 315
Fname: 1168,Lname: 382,City: 240,ID: 871
Fname: 86,Lname: 1090,City: 879,ID: 1281
Fname: 1280,Lname: 776,City: 989,ID: 1175
Fname: 854,Lname: 1143,City: 1182,ID: 871
Fname: 389,Lname: 1289,City: 804,ID: 519
Fname: 911,Lname: 904,City: 1108,ID: 1411
Fname: 1069,Lname: 909,City: 1180,ID: 1294
Fname: 705,Lname: 1482,City: 1424,ID: 1500
Fname: 240,Lname: 578,City: 38,ID: 1226
Fname: 1234,Lname: 455,City: 1092,ID: 877
Fname: 464,Lname: 1476,City: 552,ID: 1179
Fname: 1400,Lname: 1361,City: 279,ID: 377
Fname: 898,Lname: 1110,City: 303,ID: 1308
Fname: 1315,Lname: 1380,City: 310,ID: 716
Fname: 291,Lname: 605,City: 1049,ID: 944
Fname: 861,Lname: 1297,City: 145,ID: 757
Fname: 853,Lname: 1392,City: 150,ID: 260
Fname: 284,Lname: 854,City: 1065,ID: 707
Fname: 175,Lname: 112,City: 1489,ID: 1117
Fname: 1469,Lname: 308,City: 1328,ID: 1310
Fname: 1289,Lname: 569,City: 479,ID: 272
Fname: 754,Lname: 948,City: 336,ID: 5
Fname: 64,Lname: 347,City: 993,ID: 686
Fname: 525,Lname: 1498,City: 55,ID: 934
Fname: 846,Lname: 1355,City: 1471,ID: 1106
Fname: 1356,Lname: 1407,City: 176,ID: 202
Fname: 1398,Lname: 584,City: 278,ID: 397
Fname: 310,Lname: 678,City: 1131,ID: 1101
Fname: 273,Lname: 1213,City: 1281,ID: 1343
Fname: 714,Lname: 637,City: 131,ID: 431
Fname: 1089,Lname: 1372,City: 1393,ID: 686
Fname: 1211,Lname: 1333,City: 591,ID: 298
Fname: 1284,Lname: 875,City: 921,ID: 142
Fname: 189,Lname: 92,City: 1384,ID: 844
Fname: 1414,Lname: 1139,City: 698,ID: 775
Fname: 1359,Lname: 1420,City: 771,ID: 944
Fname: 2,Lname: 716,City: 1255,ID: 166
Fname: 847,Lname: 174,City: 1358,ID: 120
Fname: 776,Lname: 371,City: 404,ID: 1310
Fname: 1233,Lname: 343,City: 1238,ID: 756
Fname: 400,Lname: 1172,City: 899,ID: 742
Fname: 684,Lname: 40,City: 1090,ID: 1173
Fname: 504,Lname: 2,City: 15,ID: 1362
Fname: 1023,Lname: 434,City: 587,ID: 448
Fname: 1109,Lname: 1267,City: 454,ID: 1137
Fname: 260,Lname: 967,City: 1149,ID: 687
Fname: 338,Lname: 1062,City: 420,ID: 1464
Fname: 514,Lname: 47,City: 1272,ID: 1125
Fname: 1421,Lname: 965,City: 791,ID: 1202
Fname: 360,Lname: 867,City: 118,ID: 1428
Fname: 525,Lname: 879,City: 941,ID: 1098
Fname: 646,Lname: 1455,City: 1333,ID: 507
Fname: 356,Lname: 95,City: 377,ID: 314
Fname: 32,Lname: 962,City: 858,ID: 205
Fname: 1169,Lname: 461,City: 1396,ID: 506
Fname: 1033,Lname: 122,City: 692,ID: 881
Fname: 1375,Lname: 856,City: 766,ID: 878
Fname: 1196,Lname: 143,City: 580,ID: 1499
Fname: 1360,Lname: 146,City: 72,ID: 619
Fname: 485,Lname: 593,City: 359,ID: 418
Fname: 31,Lname: 419,City: 1358,ID: 21
Fname: 460,Lname: 853,City: 633,ID: 7
Fname: 888,Lname: 483,City: 345,ID: 898
Fname: 1467,Lname: 1197,City: 13,ID: 1220
Fname: 308,Lname: 372,City: 559,ID: 416
Fname: 1174,Lname: 1038,City: 1053,ID: 116
Fname: 108,Lname: 316,City: 519,ID: 1192
Fname: 161,Lname: 720,City: 1492,ID: 235
Fname: 260,Lname: 715,City: 1071,ID: 994
Fname: 965,Lname: 232,City: 904,ID: 583
Fname: 23,Lname: 1492,City: 621,ID: 887
Fname: 1016,Lname: 1488,City: 311,ID: 533
Fname: 620,Lname: 847,City: 1079,ID: 694
Fname: 825,Lname: 671,City: 632,ID: 183
Fname: 1272,Lname: 1121,City: 995,ID: 1435
Fname: 108,Lname: 1134,City: 612,ID: 1404
Fname: 679,Lname: 1162,City: 1273,ID: 277
Fname: 431,Lname: 202,City: 1052,ID: 1034
Fname: 894,Lname: 1138,City: 1061,ID: 221
Fname: 1219,Lname: 865,City: 847,ID: 980
Fname: 663,Lname: 889,City: 756,ID: 1325
Fname: 923,Lname: 1183,City: 816,ID: 206
Fname: 1467,Lname: 309,City: 817,ID: 885
Fname: 1010,Lname: 1133,City: 916,ID: 235
Fname: 421,Lname: 752,City: 154,ID: 192
Fname: 769,Lname: 702,City: 608,ID: 1455
Fname: 314,Lname: 1121,City: 196,ID: 536
Fname: 922,Lname: 1249,City: 927,ID: 580
Fname: 79,Lname: 1374,City: 859,ID: 641
Fname: 602,Lname: 296,City: 403,ID: 470
Fname: 1201,Lname: 587,City: 244,ID: 959
Fname: 251,Lname: 884,City: 142,ID: 1074
Fname: 124,Lname: 640,City: 667,ID: 544
Fname: 537,Lname: 1236,City: 642,ID: 1148
Fname: 272,Lname: 922,City: 663,ID: 1155
Fname: 77,Lname: 776,City: 364,ID: 127
Fname: 219,Lname: 609,City: 964,ID: 941
Fname: 962,Lname: 205,City: 735,ID: 196
Fname: 978,Lname: 105,City: 1270,ID: 163
Fname: 144,Lname: 243,City: 407,ID: 632
Fname: 1242,Lname: 170,City: 364,ID: 1372
Fname: 709,Lname: 1494,City: 1397,ID: 302
Fname: 1003,Lname: 579,City: 141,ID: 1152
Fname: 752,Lname: 181,City: 710,ID: 834
Fname: 205,Lname: 1332,City: 544,ID: 1055
Fname: 415,Lname: 1432,City: 397,ID: 955
Fname: 692,Lname: 1324,City: 388,ID: 1419
Fname: 262,Lname: 579,City: 964,ID: 1170
Fname: 391,Lname: 1356,City: 975,ID: 570
Fname: 943,Lname: 120,City: 1299,ID: 707
Fname: 595,Lname: 1412,City: 383,ID: 590
Fname: 1347,Lname: 1389,City: 744,ID: 442
Fname: 745,Lname: 1133,City: 682,ID: 206
Fname: 1168,Lname: 814,City: 357,ID: 329
Fname: 1244,Lname: 1461,City: 116,ID: 255
Fname: 1327,Lname: 149,City: 395,ID: 750
Fname: 520,Lname: 649,City: 597,ID: 1027
Fname: 1129,Lname: 1149,City: 255,ID: 220
Fname: 4,Lname: 75,City: 504,ID: 292
Fname: 1060,Lname: 1025,City: 1109,ID: 401
Fname: 30,Lname: 66,City: 1197,ID: 1067
Fname: 787,Lname: 275,City: 1252,ID: 1414
Fname: 906,Lname: 1416,City: 1081,ID: 368
Fname: 1495,Lname: 356,City: 176,ID: 50
Fname: 1205,Lname: 1120,City: 999,ID: 863
Fname: 582,Lname: 615,City: 1053,ID: 949
Fname: 1022,Lname: 1030,City: 1254,ID: 340
Fname: 1027,Lname: 1328,City: 972,ID: 427
Fname: 952,Lname: 1244,City: 470,ID: 1406
Fname: 657,Lname: 1369,City: 360,ID: 779
Fname: 1067,Lname: 826,City: 536,ID: 1118
Fname: 1438,Lname: 707,City: 1132,ID: 56
Fname: 1188,Lname: 1285,City: 582,ID: 644
Fname: 985,Lname: 1373,City: 633,ID: 1474
Fname: 419,Lname: 632,City: 544,ID: 382
Fname: 996,Lname: 1201,City: 1113,ID: 208
Fname: 274,Lname: 1302,City: 580,ID: 281
Fname: 1447,Lname: 568,City: 1238,ID: 1129
Fname: 292,Lname: 786,City: 1163,ID: 1104
Fname: 1218,Lname: 794,City: 392,ID: 259
Fname: 1296,Lname: 162,City: 64,ID: 840
Fname: 1257,Lname: 1131,City: 1237,ID: 354
Fname: 45,Lname: 1183,City: 133,ID: 3
Fname: 890,Lname: 222,City: 70,ID: 146
Fname: 1466,Lname: 264,City: 1202,ID: 1491
Fname: 1059,Lname: 1412,City: 416,ID: 133
Fname: 479,Lname: 844,City: 243,ID: 618
Fname: 542,Lname: 1006,City: 1392,ID: 1169
Fname: 362,Lname: 1414,City: 579,ID: 692
Fname: 1117,Lname: 68,City: 331,ID: 1097
Fname: 1368,Lname: 1026,City: 1026,ID: 1072
Fname: 98,Lname: 332,City: 785,ID: 270
Fname: 1106,Lname: 1183,City: 804,ID: 590
Fname: 280,Lname: 1309,City: 144,ID: 217
Fname: 593,Lname: 787,City: 1259,ID: 1165
Fname: 1444,Lname: 1337,City: 687,ID: 522
Fname: 759,Lname: 670,City: 308,ID: 646
Fname: 1353,Lname: 1259,City: 389,ID: 863
Fname: 381,Lname: 1053,City: 59,ID: 1135
Fname: 287,Lname: 1475,City: 666,ID: 431
Fname: 535,Lname: 561,City: 1242,ID: 1115
Fname: 230,Lname: 732,City: 1439,ID: 318
Fname: 1119,Lname: 1314,City: 68,ID: 967
Fname: 529,Lname: 1417,City: 1362,ID: 1499
Fname: 461,Lname: 308,City: 897,ID: 87
Fname: 967,Lname: 540,City: 1484,ID: 556
Fname: 680,Lname: 853,City: 662,ID: 596
Fname: 894,Lname: 778,City: 1377,ID: 215
Fname: 934,Lname: 1424,City: 1426,ID: 1344
Fname: 1008,Lname: 1207,City: 670,ID: 247
Fname: 839,Lname: 170,City: 727,ID: 417
Fname: 1227,Lname: 516,City: 344,ID: 499
Fname: 45,Lname: 1112,City: 693,ID: 106
Fname: 235,Lname: 834,City: 472,ID: 1192
Fname: 719,Lname: 1342,City: 437,ID: 682
Fname: 1078,Lname: 134,City: 1295,ID: 496
Fname: 50,Lname: 514,City: 388,ID: 909
Fname: 65,Lname: 1354,City: 705,ID: 600
Fname: 1359,Lname: 682,City: 1484,ID: 1289
Fname: 1090,Lname: 827,City: 236,ID: 1453
Fname: 1435,Lname: 756,City: 695,ID: 464
Fname: 1060,Lname: 321,City: 595,ID: 1456
Fname: 283,Lname: 1469,City: 1149,ID: 1097
Fname: 749,Lname: 1131,City: 356,ID: 449
Fname: 795,Lname: 1271,City: 862,ID: 548
Fname: 541,Lname: 113,City: 587,ID: 542
Fname: 1132,Lname: 279,City: 634,ID: 1492
Fname: 1084,Lname: 1151,City: 1095,ID: 432
Fname: 1450,Lname: 78,City: 1064,ID: 571
Fname: 374,Lname: 371,City: 4,ID: 50
Fname: 446,Lname: 625,City: 1078,ID: 248
Fname: 1394,Lname: 631,City: 189,ID: 179
Fname: 1168,Lname: 1095,City: 1016,ID: 598
Fname: 492,Lname: 744,City: 552,ID: 1134
Fname: 412,Lname: 285,City: 1081,ID: 744
Fname: 1238,Lname: 1186,City: 224,ID: 91
Fname: 1327,Lname: 742,City: 835,ID: 1477
Fname: 1287,Lname: 1050,City: 1275,ID: 976
Fname: 970,Lname: 11,City: 1030,ID: 1482
Fname: 345,Lname: 579,City: 65,ID: 8
Fname: 1217,Lname: 1140,City: 416,ID: 539
Fname: 426,Lname: 392,City: 437,ID: 1364
Fname: 1448,Lname: 1273,City: 1266,ID: 88
Fname: 1464,Lname: 1250,City: 1398,ID: 1212
Fname: 391,Lname: 559,City: 1386,ID: 1463
Fname: 1342,Lname: 1421,City: 77,ID: 612
Fname: 457,Lname: 1244,City: 1149,ID: 1052
Fname: 413,Lname: 947,City: 1034,ID: 1350
Fname: 505,Lname: 1465,City: 415,ID: 792
Fname: 503,Lname: 811,City: 142,ID: 817
Fname: 679,Lname: 1271,City: 972,ID: 1386
Fname: 1234,Lname: 816,City: 867,ID: 1163
Fname: 785,Lname: 604,City: 643,ID: 386
Fname: 853,Lname: 458,City: 991,ID: 1346
Fname: 1191,Lname: 521,City: 1277,ID: 1083
Fname: 86,Lname: 917,City: 863,ID: 346
Fname: 718,Lname: 1001,City: 1082,ID: 592
Fname: 1288,Lname: 1258,City: 718,ID: 880
Fname: 1317,Lname: 384,City: 1131,ID: 463
Fname: 848,Lname: 545,City: 1405,ID: 153
Fname: 1483,Lname: 260,City: 658,ID: 283
Fname: 713,Lname: 868,City: 1427,ID: 598
Fname: 412,Lname: 657,City: 130,ID: 1325
Fname: 981,Lname: 340,City: 567,ID: 1399
Fname: 1168,Lname: 422,City: 702,ID: 1432
Fname: 962,Lname: 598,City: 197,ID: 1170
Fname: 1145,Lname: 963,City: 701,ID: 153
Fname: 1297,Lname: 208,City: 390,ID: 160
Fname: 616,Lname: 1225,City: 1185,ID: 696
Fname: 310,Lname: 1193,City: 1151,ID: 474
Fname: 521,Lname: 111,City: 745,ID: 189
Fname: 1293,Lname: 235,City: 380,ID: 1386
Fname: 910,Lname: 761,City: 991,ID: 581
Fname: 530,Lname: 1104,City: 290,ID: 391
Fname: 755,Lname: 1309,City: 1184,ID: 251
Fname: 839,Lname: 1056,City: 524,ID: 1068
Fname: 571,Lname: 546,City: 1498,ID: 900
Fname: 546,Lname: 1379,City: 218,ID: 1094
Fname: 25,Lname: 1462,City: 253,ID: 412
Fname: 92,Lname: 881,City: 154,ID: 1207
Fname: 634,Lname: 1395,City: 761,ID: 956
Fname: 180,Lname: 1099,City: 181,ID: 469
Fname: 481,Lname: 1277,City: 752,ID: 264
Fname: 31,Lname: 513,City: 1246,ID: 216
Fname: 1096,Lname: 177,City: 1301,ID: 325
Fname: 889,Lname: 972,City: 28,ID: 845
Fname: 716,Lname: 1220,City: 853,ID: 1296
Fname: 818,Lname: 270,City: 1459,ID: 1143
Fname: 270,Lname: 1071,City: 123,ID: 192
Fname: 323,Lname: 1483,City: 1431,ID: 467
Fname: 768,Lname: 1296,City: 795,ID: 996
Fname: 154,Lname: 1409,City: 511,ID: 1238
Fname: 1041,Lname: 1097,City: 321,ID: 1332
Fname: 533,Lname: 431,City: 262,ID: 373
Fname: 36,Lname: 896,City: 708,ID: 369
Fname: 1344,Lname: 1363,City: 358,ID: 475
Fname: 307,Lname: 870,City: 1189,ID: 451
Fname: 384,Lname: 709,City: 229,ID: 238
Fname: 1303,Lname: 186,City: 1396,ID: 20
Fname: 1409,Lname: 179,City: 636,ID: 128
Fname: 53,Lname: 545,City: 588,ID: 1250
Fname: 1144,Lname: 541,City: 438,ID: 779
Fname: 1110,Lname: 389,City: 497,ID: 858
Fname: 1125,Lname: 214,City: 420,ID: 594
Fname: 758,Lname: 1351,City: 24,ID: 738
Fname: 910,Lname: 404,City: 636,ID: 299
Fname: 577,Lname: 1329,City: 1287,ID: 1150
Fname: 988,Lname: 600,City: 741,ID: 1468
Fname: 242,Lname: 520,City: 1353,ID: 1023
Fname: 1273,Lname: 252,City: 813,ID: 1376
Fname: 1390,Lname: 1204,City: 1288,ID: 414
Fname: 1300,Lname: 72,City: 147,ID: 842
Fname: 896,Lname: 971,City: 755,ID: 170
Fname: 1380,Lname: 549,City: 570,ID: 204
Fname: 981,Lname: 704,City: 660,ID: 475
Fname: 850,Lname: 212,City: 929,ID: 1393
Fname: 582,Lname: 1305,City: 270,ID: 1081
Fname: 693,Lname: 499,City: 704,ID: 1333
Fname: 717,Lname: 114,City: 1158,ID: 1416
Fname: 784,Lname: 1229,City: 1074,ID: 557
Fname: 1232,Lname: 162,City: 636,ID: 1030
Fname: 180,Lname: 667,City: 573,ID: 244
Fname: 554,Lname: 470,City: 680,ID: 186
Fname: 787,Lname: 701,City: 608,ID: 401
Fname: 107,Lname: 506,City: 597,ID: 48
Fname: 504,Lname: 748,City: 12,ID: 1179
Fname: 909,Lname: 497,City: 962,ID: 230
Fname: 200,Lname: 292,City: 1360,ID: 1433
Fname: 1298,Lname: 902,City: 463,ID: 550
Fname: 375,Lname: 539,City: 422,ID: 1323
Fname: 352,Lname: 66,City: 1136,ID: 1141
Fname: 304,Lname: 1034,City: 373,ID: 1028
Fname: 798,Lname: 741,City: 976,ID: 307
Fname: 949,Lname: 385,City: 379,ID: 187
Fname: 585,Lname: 239,City: 1275,ID: 1273
Fname: 749,Lname: 855,City: 1179,ID: 764
Fname: 797,Lname: 706,City: 1025,ID: 477
Fname: 1423,Lname: 418,City: 1062,ID: 1477
Fname: 498,Lname: 1425,City: 806,ID: 937
Fname: 764,Lname: 267,City: 707,ID: 906
Fname: 554,Lname: 966,City: 1407,ID: 609
Fname: 581,Lname: 796,City: 646,ID: 452
Fname: 1420,Lname: 891,City: 505,ID: 715
Fname: 81,Lname: 274,City: 591,ID: 168
Fname: 935,Lname: 285,City: 866,ID: 1162
Fname: 1371,Lname: 1319,City: 758,ID: 950
Fname: 588,Lname: 427,City: 1143,ID: 1317
Fname: 564,Lname: 1046,City: 272,ID: 1348
Fname: 199,Lname: 510,City: 490,ID: 852
Fname: 751,Lname: 1039,City: 216,ID: 218
Fname: 570,Lname: 471,City: 708,ID: 1475
Fname: 531,Lname: 485,City: 542,ID: 1445
Fname: 41,Lname: 1311,City: 561,ID: 961
Fname: 437,Lname: 401,City: 1166,ID: 859
Fname: 397,Lname: 1267,City: 554,ID: 1431
Fname: 941,Lname: 144,City: 958,ID: 481
Fname: 1162,Lname: 688,City: 816,ID: 299
Fname: 1038,Lname: 824,City: 1166,ID: 1059
Fname: 1098,Lname: 323,City: 270,ID: 324
Fname: 81,Lname: 357,City: 638,ID: 505
Fname: 990,Lname: 647,City: 1377,ID: 779
Fname: 881,Lname: 1247,City: 96,ID: 1285
Fname: 962,Lname: 282,City: 554,ID: 1215
Fname: 325,Lname: 1033,City: 201,ID: 1134
Fname: 753,Lname: 56,City: 1064,ID: 553
Fname: 797,Lname: 319,City: 379,ID: 739
Fname: 998,Lname: 133,City: 842,ID: 47
Fname: 329,Lname: 1368,City: 1169,ID: 1352
Fname: 823,Lname: 514,City: 944,ID: 1110
Fname: 406,Lname: 1332,City: 270,ID: 1132
Fname: 405,Lname: 414,City: 705,ID: 611
Fname: 316,Lname: 900,City: 1261,ID: 999
Fname: 292,Lname: 793,City: 139,ID: 1390
Fname: 1113,Lname: 70,City: 588,ID: 227
Fname: 651,Lname: 1233,City: 638,ID: 231
Fname: 1111,Lname: 512,City: 1055,ID: 259
Fname: 1,Lname: 538,City: 797,ID: 156
Fname: 1411,Lname: 19,City: 650,ID: 234
Fname: 615,Lname: 590,City: 66,ID: 1295
Fname: 560,Lname: 956,City: 1061,ID: 1106
Fname: 162,Lname: 627,City: 740,ID: 1089
Fname: 209,Lname: 596,City: 963,ID: 308
Fname: 501,Lname: 197,City: 1171,ID: 688
Fname: 807,Lname: 81,City: 87,ID: 1064
Fname: 1480,Lname: 1158,City: 400,ID: 118
Fname: 666,Lname: 224,City: 1096,ID: 1020
Fname: 1466,Lname: 725,City: 162,ID: 280
Fname: 179,Lname: 497,City: 603,ID: 881
Fname: 590,Lname: 728,City: 970,ID: 681
Fname: 718,Lname: 670,City: 1150,ID: 833
Fname: 1267,Lname: 645,City: 1325,ID: 207
Fname: 1193,Lname: 36,City: 232,ID: 635
Fname: 1462,Lname: 586,City: 438,ID: 1241
Fname: 603,Lname: 67,City: 185,ID: 486
Fname: 1050,Lname: 320,City: 1452,ID: 892
Fname: 408,Lname: 261,City: 1078,ID: 542
Fname: 1483,Lname: 1454,City: 365,ID: 984
Fname: 1318,Lname: 986,City: 878,ID: 993
Fname: 1448,Lname: 1182,City: 458,ID: 372
Fname: 153,Lname: 1313,City: 530,ID: 238
Fname: 217,Lname: 1260,City: 122,ID: 1387
Fname: 1414,Lname: 769,City: 623,ID: 640
Fname: 8,Lname: 740,City: 1497,ID: 522
Fname: 560,Lname: 535,City: 1057,ID: 1083
Fname: 228,Lname: 199,City: 1209,ID: 1332
Fname: 587,Lname: 957,City: 770,ID: 361
Fname: 1495,Lname: 451,City: 595,ID: 1412
Fname: 314,Lname: 25,City: 1315,ID: 1043
Fname: 539,Lname: 529,City: 1102,ID: 1180
Fname: 60,Lname: 500,City: 145,ID: 1458
Fname: 561,Lname: 184,City: 1168,ID: 236
Fname: 1329,Lname: 178,City: 176,ID: 829
Fname: 1333,Lname: 175,City: 56,ID: 1095
Fname: 1039,Lname: 795,City: 709,ID: 299
Fname: 766,Lname: 1384,City: 940,ID: 291
Fname: 63,Lname: 1203,City: 268,ID: 1366
Fname: 243,Lname: 727,City: 456,ID: 622
Fname: 582,Lname: 1071,City: 1492,ID: 28
Fname: 1303,Lname: 389,City: 876,ID: 1290
Fname: 1218,Lname: 1096,City: 1106,ID: 1284
Fname: 14,Lname: 762,City: 418,ID: 692
Fname: 947,Lname: 635,City: 1017,ID: 569
Fname: 789,Lname: 516,City: 1157,ID: 1099
Fname: 83,Lname: 959,City: 411,ID: 1349
Fname: 732,Lname: 67,City: 1436,ID: 1389
Fname: 1234,Lname: 288,City: 851,ID: 147
Fname: 1363,Lname: 516,City: 220,ID: 18
Fname: 1197,Lname: 80,City: 1077,ID: 924
Fname: 1123,Lname: 1172,City: 48,ID: 1149
Fname: 71,Lname: 141,City: 1426,ID: 977
Fname: 915,Lname: 541,City: 92,ID: 1018
Fname: 216,Lname: 1231,City: 231,ID: 1494
Fname: 1245,Lname: 2,City: 522,ID: 680
Fname: 953,Lname: 1022,City: 386,ID: 1341
Fname: 792,Lname: 1148,City: 521,ID: 1181
Fname: 822,Lname: 70,City: 1331,ID: 773
Fname: 216,Lname: 889,City: 312,ID: 984
Fname: 581,Lname: 307,City: 789,ID: 619
Fname: 810,Lname: 254,City: 1310,ID: 981
Fname: 145,Lname: 1059,City: 850,ID: 1276
Fname: 282,Lname: 239,City: 417,ID: 328
Fname: 1444,Lname: 1113,City: 700,ID: 601
Fname: 890,Lname: 1120,City: 1176,ID: 1025
Fname: 591,Lname: 1157,City: 225,ID: 189
Fname: 534,Lname: 767,City: 78,ID: 1010
Fname: 849,Lname: 195,City: 930,ID: 129
Fname: 1483,Lname: 344,City: 1266,ID: 1384
Fname: 472,Lname: 895,City: 907,ID: 1390
Fname: 705,Lname: 322,City: 1391,ID: 634
Fname: 418,Lname: 867,City: 1076,ID: 430
Fname: 33,Lname: 161,City: 1268,ID: 1223
Fname: 176,Lname: 362,City: 1,ID: 761
Fname: 560,Lname: 492,City: 872,ID: 856
Fname: 226,Lname: 457,City: 746,ID: 1074
Fname: 1099,Lname: 212,City: 653,ID: 362
Fname: 172,Lname: 1076,City: 1107,ID: 634
Fname: 1236,Lname: 1087,City: 408,ID: 636
Fname: 1490,Lname: 855,City: 909,ID: 1208
Fname: 1394,Lname: 1042,City: 318,ID: 1489
Fname: 766,Lname: 423,City: 1044,ID: 384
Fname: 283,Lname: 513,City: 908,ID: 727
Fname: 125,Lname: 493,City: 872,ID: 1099
Fname: 11,Lname: 1275,City: 1208,ID: 784
Fname: 90,Lname: 568,City: 532,ID: 964
Fname: 34,Lname: 321,City: 360,ID: 1425
Fname: 499,Lname: 947,City: 7,ID: 309
Fname: 1087,Lname: 457,City: 601,ID: 1152
Fname: 777,Lname: 643,City: 1364,ID: 641
Fname: 308,Lname: 1205,City: 595,ID: 159
Fname: 733,Lname: 457,City: 835,ID: 1468
Fname: 382,Lname: 870,City: 225,ID: 1372
Fname: 970,Lname: 1164,City: 461,ID: 460
Fname: 855,Lname: 1109,City: 295,ID: 86
Fname: 1080,Lname: 1288,City: 1021,ID: 673
Fname: 1355,Lname: 1471,City: 305,ID: 616
Fname: 1440,Lname: 247,City: 395,ID: 50
Fname: 6,Lname: 49,City: 398,ID: 1147
Fname: 725,Lname: 1466,City: 443,ID: 1227
Fname: 1043,Lname: 1386,City: 320,ID: 1100
Fname: 1364,Lname: 1291,City: 1181,ID: 344
Fname: 1458,Lname: 40,City: 1182,ID: 626
Fname: 1497,Lname: 981,City: 1315,ID: 451
Fname: 187,Lname: 1123,City: 260,ID: 1206
Fname: 598,Lname: 87,City: 954,ID: 1433
Fname: 108,Lname: 1165,City: 1003,ID: 366
Fname: 209,Lname: 276,City: 1286,ID: 455
Fname: 549,Lname: 898,City: 1412,ID: 174
Fname: 289,Lname: 448,City: 778,ID: 1107
Fname: 1345,Lname: 327,City: 947,ID: 1424
Fname: 1069,Lname: 1401,City: 1059,ID: 566
Fname: 1141,Lname: 1471,City: 909,ID: 1240
Fname: 389,Lname: 113,City: 717,ID: 1288
Fname: 52,Lname: 824,City: 1358,ID: 1079
Fname: 518,Lname: 898,City: 643,ID: 215
Fname: 1247,Lname: 1180,City: 1425,ID: 543
Fname: 741,Lname: 431,City: 252,ID: 576
Fname: 1497,Lname: 1199,City: 983,ID: 1142
Fname: 585,Lname: 927,City: 596,ID: 34
Fname: 331,Lname: 104,City: 12,ID: 1237
Fname: 1089,Lname: 241,City: 347,ID: 228
Fname: 37,Lname: 190,City: 1452,ID: 450
Fname: 16,Lname: 362,City: 117,ID: 5
Fname: 883,Lname: 950,City: 1016,ID: 1416
Fname: 1302,Lname: 508,City: 1088,ID: 1041
Fname: 650,Lname: 65,City: 1206,ID: 1396
Fname: 1447,Lname: 176,City: 937,ID: 921
Fname: 767,Lname: 758,City: 1448,ID: 378
Fname: 689,Lname: 473,City: 471,ID: 437
Fname: 1297,Lname: 800,City: 957,ID: 119
Fname: 108,Lname: 765,City: 1092,ID: 1246
Fname: 216,Lname: 239,City: 1474,ID: 1251
Fname: 1335,Lname: 924,City: 96,ID: 1017
Fname: 1370,Lname: 738,City: 61,ID: 120
Fname: 1093,Lname: 745,City: 1144,ID: 1168
Fname: 82,Lname: 1184,City: 521,ID: 777
Fname: 1052,Lname: 73,City: 1227,ID: 11
Fname: 485,Lname: 663,City: 1494,ID: 1082
Fname: 63,Lname: 1312,City: 613,ID: 1066
Fname: 781,Lname: 979,City: 39,ID: 466
Fname: 152,Lname: 739,City: 565,ID: 596
Fname: 371,Lname: 875,City: 1180,ID: 1148
Fname: 456,Lname: 625,City: 1135,ID: 1250
Fname: 1274,Lname: 900,City: 1171,ID: 147
Fname: 1403,Lname: 1141,City: 317,ID: 962
Fname: 388,Lname: 765,City: 1254,ID: 1441
Fname: 1305,Lname: 404,City: 807,ID: 889
Fname: 1364,Lname: 191,City: 488,ID: 836
Fname: 683,Lname: 573,City: 139,ID: 83
Fname: 279,Lname: 744,City: 974,ID: 976
Fname: 1108,Lname: 1331,City: 849,ID: 582
Fname: 732,Lname: 789,City: 941,ID: 1132
Fname: 847,Lname: 128,City: 71,ID: 1320
Fname: 1074,Lname: 1386,City: 5,ID: 1476
Fname: 106,Lname: 1323,City: 925,ID: 863
Fname: 610,Lname: 55,City: 476,ID: 1275
Fname: 991,Lname: 250,City: 346,ID: 1102
Fname: 1377,Lname: 761,City: 290,ID: 752
Fname: 179,Lname: 352,City: 1064,ID: 1292
Fname: 666,Lname: 860,City: 205,ID: 679
Fname: 969,Lname: 1123,City: 1426,ID: 1202
Fname: 327,Lname: 1373,City: 441,ID: 35
Fname: 1356,Lname: 199,City: 718,ID: 1076
Fname: 1024,Lname: 215,City: 393,ID: 507
Fname: 1335,Lname: 43,City: 1347,ID: 870
Fname: 925,Lname: 1301,City: 939,ID: 1079
Fname: 939,Lname: 323,City: 558,ID: 299
Fname: 160,Lname: 1471,City: 1263,ID: 51
Fname: 495,Lname: 1254,City: 1479,ID: 127
Fname: 64,Lname: 1406,City: 864,ID: 1322
Fname: 986,Lname: 901,City: 138,ID: 1233
Fname: 373,Lname: 616,City: 1115,ID: 1449
Fname: 848,Lname: 387,City: 835,ID: 1006
Fname: 915,Lname: 567,City: 422,ID: 312
Fname: 1390,Lname: 1104,City: 1131,ID: 1011
Fname: 31,Lname: 266,City: 223,ID: 1045
Fname: 102,Lname: 954,City: 419,ID: 632
Fname: 60,Lname: 509,City: 1411,ID: 688
Fname: 790,Lname: 602,City: 560,ID: 523
Fname: 189,Lname: 951,City: 1449,ID: 1125
Fname: 1030,Lname: 1322,City: 987,ID: 1026
Fname: 1407,Lname: 227,City: 1440,ID: 112
Fname: 534,Lname: 1442,City: 642,ID: 807
Fname: 1465,Lname: 839,City: 173,ID: 335
Fname: 507,Lname: 709,City: 779,ID: 190
Fname: 116,Lname: 1448,City: 1457,ID: 903
Fname: 585,Lname: 1007,City: 396,ID: 1218
Fname: 378,Lname: 753,City: 1104,ID: 679
Fname: 31,Lname: 169,City: 88,ID: 403
Fname: 4,Lname: 827,City: 1298,ID: 244
Fname: 936,Lname: 1374,City: 1439,ID: 255
Fname: 470,Lname: 293,City: 1289,ID: 334
Fname: 189,Lname: 1334,City: 833,ID: 749
Fname: 1031,Lname: 373,City: 1450,ID: 465
Fname: 684,Lname: 1476,City: 422,ID: 220
Fname: 57,Lname: 823,City: 1414,ID: 709
Fname: 32,Lname: 187,City: 719,ID: 32
Fname: 691,Lname: 1289,City: 1153,ID: 587
Fname: 960,Lname: 1120,City: 1384,ID: 1229
Fname: 94,Lname: 1257,City: 192,ID: 754
Fname: 685,Lname: 853,City: 866,ID: 1138
Fname: 440,Lname: 354,City: 876,ID: 503
Fname: 854,Lname: 695,City: 778,ID: 530
Fname: 1184,Lname: 1097,City: 976,ID: 478
Fname: 1462,Lname: 993,City: 439,ID: 1421
Fname: 1276,Lname: 237,City: 1181,ID: 574
Fname: 544,Lname: 1167,City: 624,ID: 1211
Fname: 854,Lname: 770,City: 1104,ID: 705
Fname: 428,Lname: 873,City: 1031,ID: 1034
Fname: 71,Lname: 772,City: 1284,ID: 1073
Fname: 1481,Lname: 1479,City: 1108,ID: 77
Fname: 1059,Lname: 526,City: 904,ID: 1262
Fname: 941,Lname: 1141,City: 1019,ID: 565
Fname: 962,Lname: 298,City: 768,ID: 711
Fname: 1117,Lname: 366,City: 597,ID: 1067
Fname: 810,Lname: 1276,City: 316,ID: 1395
Fname: 608,Lname: 448,City: 634,ID: 962
Fname: 1178,Lname: 1219,City: 103,ID: 424
Fname: 1128,Lname: 1050,City: 518,ID: 1439
Fname: 694,Lname: 217,City: 631,ID: 634
Fname: 1336,Lname: 322,City: 756,ID: 76
Fname: 382,Lname: 1112,City: 552,ID: 389
Fname: 1346,Lname: 124,City: 438,ID: 149
Fname: 1084,Lname: 1008,City: 1010,ID: 1359
Fname: 233,Lname: 1027,City: 246,ID: 296
Fname: 106,Lname: 1227,City: 109,ID: 607
Fname: 1175,Lname: 656,City: 936,ID: 854
Fname: 303,Lname: 135,City: 463,ID: 963
Fname: 436,Lname: 1143,City: 1445,ID: 674
Fname: 799,Lname: 1009,City: 1068,ID: 253
Fname: 1032,Lname: 459,City: 524,ID: 542
Fname: 763,Lname: 1484,City: 128,ID: 1437
Fname: 214,Lname: 1314,City: 689,ID: 956
Fname: 269,Lname: 941,City: 191,ID: 1414
Fname: 272,Lname: 328,City: 1225,ID: 120
Fname: 948,Lname: 699,City: 517,ID: 547
Fname: 671,Lname: 1365,City: 482,ID: 288
Fname: 1408,Lname: 1225,City: 88,ID: 1370
Fname: 108,Lname: 1092,City: 906,ID: 995
Fname: 1366,Lname: 153,City: 979,ID: 1062
Fname: 1104,Lname: 852,City: 773,ID: 1296
Fname: 760,Lname: 1499,City: 273,ID: 548
Fname: 473,Lname: 448,City: 302,ID: 1230
Fname: 1418,Lname: 955,City: 977,ID: 1056
Fname: 722,Lname: 728,City: 521,ID: 1284
Fname: 1148,Lname: 300,City: 1266,ID: 816
Fname: 1107,Lname: 593,City: 1308,ID: 1322
Fname: 57,Lname: 104,City: 607,ID: 308
Fname: 647,Lname: 841,City: 347,ID: 429
Fname: 1125,Lname: 1351,City: 1426,ID: 405
Fname: 934,Lname: 907,City: 1114,ID: 242
Fname: 705,Lname: 200,City: 115,ID: 1159
Fname: 672,Lname: 251,City: 971,ID: 827
Fname: 341,Lname: 954,City: 99,ID: 558
Fname: 672,Lname: 896,City: 385,ID: 860
Fname: 1482,Lname: 836,City: 1222,ID: 1377
Fname: 218,Lname: 938,City: 1016,ID: 83
Fname: 1319,Lname: 643,City: 121,ID: 446
Fname: 8,Lname: 763,City: 117,ID: 961
Fname: 580,Lname: 698,City: 792,ID: 277
Fname: 1412,Lname: 952,City: 475,ID: 1411
Fname: 1254,Lname: 1075,City: 1392,ID: 1426
Fname: 713,Lname: 1423,City: 1121,ID: 450
Fname: 693,Lname: 366,City: 444,ID: 366
Fname: 317,Lname: 1460,City: 640,ID: 1462
Fname: 1369,Lname: 1221,City: 509,ID: 440
Fname: 69,Lname: 1238,City: 1221,ID: 243
Fname: 1142,Lname: 27,City: 480,ID: 1221
Fname: 874,Lname: 788,City: 1257,ID: 325
Fname: 798,Lname: 1197,City: 592,ID: 1443
Fname: 1249,Lname: 646,City: 426,ID: 994
Fname: 1025,Lname: 1213,City: 398,ID: 666
Fname: 78,Lname: 1321,City: 999,ID: 1452
Fname: 1208,Lname: 1320,City: 994,ID: 1492
Fname: 832,Lname: 756,City: 568,ID: 1295
Fname: 1397,Lname: 273,City: 290,ID: 889
Fname: 186,Lname: 1192,City: 748,ID: 995
Fname: 1413,Lname: 584,City: 665,ID: 70
Fname: 261,Lname: 516,City: 355,ID: 1055
Fname: 21,Lname: 658,City: 1307,ID: 484
Fname: 1058,Lname: 1479,City: 1410,ID: 1268
Fname: 1254,Lname: 932,City: 384,ID: 908
Fname: 1179,Lname: 1051,City: 237,ID: 752
Fname: 77,Lname: 507,City: 621,ID: 317
Fname: 1351,Lname: 1350,City: 521,ID: 419
Fname: 555,Lname: 587,City: 534,ID: 732
Fname: 849,Lname: 38,City: 1014,ID: 496
Fname: 222,Lname: 169,City: 180,ID: 1032
Fname: 351,Lname: 169,City: 716,ID: 107
Fname: 394,Lname: 761,City: 544,ID: 1443
Fname: 588,Lname: 186,City: 53,ID: 49
Fname: 1089,Lname: 841,City: 507,ID: 742
Fname: 394,Lname: 1181,City: 1214,ID: 1255
Fname: 1329,Lname: 1213,City: 1258,ID: 352
Fname: 153,Lname: 238,City: 226,ID: 791
Fname: 203,Lname: 692,City: 954,ID: 995
Fname: 55,Lname: 1219,City: 1129,ID: 663
Fname: 699,Lname: 1038,City: 955,ID: 886
Fname: 303,Lname: 306,City: 1072,ID: 337
Fname: 1054,Lname: 1224,City: 794,ID: 444
Fname: 550,Lname: 187,City: 1230,ID: 899
Fname: 621,Lname: 133,City: 1072,ID: 1416
Fname: 686,Lname: 289,City: 917,ID: 1416
Fname: 140,Lname: 378,City: 625,ID: 994
Fname: 810,Lname: 583,City: 1120,ID: 497
Fname: 1103,Lname: 950,City: 261,ID: 1350
Fname: 1276,Lname: 771,City: 1075,ID: 702
Fname: 1381,Lname: 926,City: 451,ID: 379
Fname: 1315,Lname: 1331,City: 7,ID: 1365
Fname: 1069,Lname: 317,City: 1024,ID: 1350
Fname: 74,Lname: 1457,City: 1461,ID: 260
Fname: 1145,Lname: 795,City: 47,ID: 298
Fname: 847,Lname: 292,City: 1222,ID: 1055
Fname: 1441,Lname: 112,City: 1366,ID: 1357
Fname: 97,Lname: 1434,City: 708,ID: 570
Fname: 1373,Lname: 1245,City: 611,ID: 291
Fname: 748,Lname: 573,City: 931,ID: 646
Fname: 145,Lname: 313,City: 590,ID: 716
Fname: 173,Lname: 566,City: 206,ID: 181
Fname: 908,Lname: 400,City: 169,ID: 247
Fname: 688,Lname: 111,City: 1320,ID: 1259
Fname: 1216,Lname: 3,City: 1486,ID: 374
Fname: 988,Lname: 1146,City: 733,ID: 541
Fname: 1074,Lname: 1477,City: 270,ID: 502
Fname: 501,Lname: 76,City: 1341,ID: 642
Fname: 1179,Lname: 1237,City: 769,ID: 184
Fname: 360,Lname: 1216,City: 1127,ID: 762
Fname: 820,Lname: 1335,City: 1004,ID: 183
Fname: 1347,Lname: 471,City: 671,ID: 878
Fname: 702,Lname: 212,City: 499,ID: 1170
Fname: 353,Lname: 1255,City: 164,ID: 475
Fname: 205,Lname: 1436,City: 145,ID: 657
Fname: 1439,Lname: 831,City: 981,ID: 1127
Fname: 449,Lname: 762,City: 701,ID: 1411
Fname: 540,Lname: 94,City: 736,ID: 338
Fname: 1486,Lname: 582,City: 228,ID: 1490
Fname: 1122,Lname: 576,City: 322,ID: 747
Fname: 474,Lname: 1414,City: 1386,ID: 1092
Fname: 985,Lname: 350,City: 1427,ID: 1481
Fname: 1175,Lname: 435,City: 324,ID: 820
Fname: 1393,Lname: 931,City: 144,ID: 668
Fname: 1235,Lname: 1298,City: 139,ID: 1034
Fname: 787,Lname: 316,City: 119,ID: 1232
Fname: 388,Lname: 12,City: 1230,ID: 941
Fname: 1346,Lname: 1376,City: 378,ID: 1113
Fname: 987,Lname: 168,City: 236,ID: 576
Fname: 1324,Lname: 173,City: 951,ID: 635
Fname: 1424,Lname: 1328,City: 1261,ID: 191
Fname: 613,Lname: 108,City: 204,ID: 1104
Fname: 219,Lname: 630,City: 791,ID: 1285
Fname: 252,Lname: 729,City: 164,ID: 969
Fname: 350,Lname: 941,City: 518,ID: 627
Fname: 1332,Lname: 153,City: 77,ID: 598
Fname: 1069,Lname: 585,City: 280,ID: 431
Fname: 596,Lname: 767,City: 1288,ID: 204
Fname: 875,Lname: 1311,City: 318,ID: 557
Fname: 610,Lname: 1478,City: 20,ID: 1223
Fname: 1366,Lname: 1211,City: 204,ID: 570
Fname: 1481,Lname: 62,City: 1286,ID: 535
Fname: 29,Lname: 348,City: 525,ID: 1366
Fname: 51,Lname: 956,City: 1238,ID: 1053
Fname: 768,Lname: 469,City: 359,ID: 1342
Fname: 1367,Lname: 910,City: 841,ID: 1423
Fname: 1230,Lname: 937,City: 1036,ID: 1137
Fname: 841,Lname: 989,City: 81,ID: 792
Fname: 1480,Lname: 615,City: 1148,ID: 1209
Fname: 78,Lname: 722,City: 1448,ID: 174
Fname: 112,Lname: 1195,City: 744,ID: 1020
Fname: 568,Lname: 693,City: 1090,ID: 735
Fname: 589,Lname: 531,City: 509,ID: 616
Fname: 489,Lname: 1397,City: 433,ID: 567
Fname: 1328,Lname: 620,City: 401,ID: 201
Fname: 413,Lname: 161,City: 1477,ID: 152
Fname: 1340,Lname: 1136,City: 1364,ID: 859
Fname: 419,Lname: 431,City: 109,ID: 495
Fname: 927,Lname: 1296,City: 504,ID: 830
Fname: 1111,Lname: 222,City: 783,ID: 1432
Fname: 1276,Lname: 1019,City: 492,ID: 725
Fname: 184,Lname: 1444,City: 26,ID: 1160
Fname: 1207,Lname: 570,City: 985,ID: 782
Fname: 958,Lname: 568,City: 695,ID: 1163
Fname: 199,Lname: 420,City: 521,ID: 98
Fname: 994,Lname: 971,City: 1350,ID: 575
Fname: 932,Lname: 819,City: 308,ID: 1057
Fname: 967,Lname: 953,City: 194,ID: 698
Fname: 1240,Lname: 1430,City: 393,ID: 424
Fname: 8,Lname: 99,City: 110,ID: 1471
Fname: 433,Lname: 87,City: 768,ID: 1027
Fname: 1397,Lname: 799,City: 782,ID: 643
Fname: 1381,Lname: 834,City: 883,ID: 622
Fname: 502,Lname: 907,City: 268,ID: 967
Fname: 148,Lname: 760,City: 777,ID: 5
Fname: 1093,Lname: 1023,City: 1102,ID: 111
Fname: 1042,Lname: 742,City: 1419,ID: 1047
Fname: 377,Lname: 570,City: 175,ID: 1295
Fname: 747,Lname: 104,City: 18,ID: 969
Fname: 1246,Lname: 516,City: 755,ID: 1304
Fname: 1059,Lname: 832,City: 938,ID: 920
Fname: 669,Lname: 351,City: 992,ID: 1150
Fname: 1274,Lname: 87,City: 1441,ID: 1225
Fname: 1045,Lname: 177,City: 1016,ID: 78
Fname: 682,Lname: 469,City: 427,ID: 978
Fname: 1175,Lname: 93,City: 279,ID: 102
Fname: 52,Lname: 471,City: 537,ID: 310
Fname: 1060,Lname: 387,City: 726,ID: 1191
Fname: 1062,Lname: 177,City: 59,ID: 691
Fname: 4,Lname: 133,City: 649,ID: 982
Fname: 691,Lname: 823,City: 190,ID: 1364
Fname: 1330,Lname: 652,City: 497,ID: 1495
Fname: 177,Lname: 743,City: 622,ID: 21
Fname: 976,Lname: 114,City: 1258,ID: 746
Fname: 695,Lname: 1,City: 333,ID: 1241
Fname: 1165,Lname: 495,City: 325,ID: 960
Fname: 593,Lname: 974,City: 657,ID: 965
Fname: 871,Lname: 1251,City: 679,ID: 23
Fname: 156,Lname: 1360,City: 1309,ID: 1003
Fname: 785,Lname: 1311,City: 775,ID: 1115
Fname: 54,Lname: 22,City: 38,ID: 1338
Fname: 952,Lname: 704,City: 1491,ID: 172
Fname: 839,Lname: 635,City: 1104,ID: 1124
Fname: 403,Lname: 913,City: 1047,ID: 403
Fname: 742,Lname: 1342,City: 976,ID: 40
Fname: 462,Lname: 1390,City: 1232,ID: 1064
Fname: 265,Lname: 837,City: 1111,ID: 1230
Fname: 40,Lname: 773,City: 1387,ID: 1104
Fname: 1303,Lname: 139,City: 1091,ID: 520
Fname: 9,Lname: 7,City: 1363,ID: 1008
Fname: 1153,Lname: 10,City: 251,ID: 405
Fname: 0,Lname: 291,City: 983,ID: 199
Fname: 954,Lname: 210,City: 453,ID: 1413
Fname: 355,Lname: 1264,City: 722,ID: 482
Fname: 824,Lname: 1260,City: 1046,ID: 108
Fname: 1031,Lname: 480,City: 1370,ID: 660
Fname: 1216,Lname: 1277,City: 1332,ID: 1459
Fname: 1260,Lname: 262,City: 1065,ID: 233
Fname: 412,Lname: 667,City: 7,ID: 1066
Fname: 164,Lname: 1454,City: 821,ID: 1356
Fname: 1483,Lname: 460,City: 709,ID: 990
Fname: 1252,Lname: 733,City: 1137,ID: 1222
Fname: 935,Lname: 796,City: 209,ID: 369
Fname: 1044,Lname: 750,City: 954,ID: 47
Fname: 257,Lname: 530,City: 246,ID: 732
Fname: 524,Lname: 727,City: 800,ID: 49
Fname: 1171,Lname: 1332,City: 659,ID: 771
Fname: 1392,Lname: 1149,City: 1430,ID: 1106
Fname: 0,Lname: 508,City: 907,ID: 1371
Fname: 986,Lname: 32,City: 1010,ID: 1385
Fname: 1226,Lname: 11,City: 886,ID: 114
Fname: 1241,Lname: 829,City: 403,ID: 1043
Fname: 768,Lname: 680,City: 961,ID: 277
Fname: 806,Lname: 951,City: 816,ID: 810
Fname: 736,Lname: 1279,City: 1080,ID: 328
Fname: 655,Lname: 280,City: 1433,ID: 981
Fname: 432,Lname: 246,City: 170,ID: 5
Fname: 1080,Lname: 950,City: 844,ID: 981
Fname: 1500,Lname: 125,City: 1318,ID: 1077
Fname: 1086,Lname: 1445,City: 323,ID: 1050
Fname: 1248,Lname: 1454,City: 787,ID: 918
Fname: 198,Lname: 1405,City: 639,ID: 982
Fname: 186,Lname: 1188,City: 6,ID: 150
Fname: 166,Lname: 682,City: 778,ID: 688
Fname: 1018,Lname: 198,City: 1038,ID: 1018
Fname: 1265,Lname: 869,City: 919,ID: 610
Fname: 1489,Lname: 424,City: 1118,ID: 434
Fname: 709,Lname: 1177,City: 1425,ID: 175
Fname: 497,Lname: 126,City: 1370,ID: 275
Fname: 443,Lname: 361,City: 900,ID: 596
Fname: 382,Lname: 46,City: 737,ID: 761
Fname: 1478,Lname: 15,City: 388,ID: 1212
Fname: 534,Lname: 794,City: 1454,ID: 1198
Fname: 295,Lname: 255,City: 229,ID: 69
Fname: 1480,Lname: 1184,City: 1416,ID: 1112
Fname: 1377,Lname: 620,City: 297,ID: 221
Fname: 1458,Lname: 433,City: 451,ID: 968
Fname: 848,Lname: 523,City: 1333,ID: 323
Fname: 240,Lname: 996,City: 194,ID: 1407
Fname: 486,Lname: 31,City: 1238,ID: 444
Fname: 165,Lname: 48,City: 888,ID: 268
Fname: 362,Lname: 356,City: 1418,ID: 1481
Fname: 1244,Lname: 457,City: 527,ID: 912
Fname: 1032,Lname: 846,City: 1321,ID: 1395
Fname: 615,Lname: 193,City: 326,ID: 1330
Fname: 1349,Lname: 781,City: 496,ID: 39
